Nome ;localidade;depto;tel;tel;cel;email;sms;turno;aplicacoes
Daniel de Albuquerque;ITVision;TECH;2121329900;-;-;daniel.dalb@gmail.com;daniel@itvision.com.br;-;'Correio','DNS','EaD','Infra','Internet','Telefonia','Web Site'
Jose Augusto Cardoso de Sa Neto;Verto;Verto;2121329900;-;-;jcardoso@verto.com.br;-;-;'Correio','DNS','EaD','Infra','Internet','Telefonia','Web Site'
André Perazzi;IAG;IAG;2138-9396;-;-;andre@iag.puc-rio.br;2175469894@claro.com.br;-;'Correio','DNS','EaD','Infra','Internet','Telefonia','Web Site'
Guilherme Hartz;IAG;IAG;2138-9399;-;-;guilherme@iag.puc-rio.br;-;-;'Correio','DNS','EaD','Infra','Internet','Telefonia','Web Site' 
Douglas Oliveria;IAG;IAG;2138-9395;-;-;douglas@iag.puc-rio.br;2181070033.com.br;-;'Correio','DNS','EaD','Infra','Internet','Telefonia','Web Site' 
Diogo Henrique;IAG;IAG;2138-9394;-;-;diogo@iag.puc-rio.br;-;-;'Correio','DNS','EaD','Infra','Internet','Telefonia','Web Site'
